n,case,comparisons,swaps,theory_n_n_1_2,time_ns
100,sorted,4950,0,4950,9075
100,reverse,4950,50,4950,9588
100,random,4950,95,4950,11851
200,sorted,19900,0,19900,41259
200,reverse,19900,100,19900,41964
200,random,19900,192,19900,46570
400,sorted,79800,0,79800,175315
400,reverse,79800,200,79800,176280
400,random,79800,393,79800,190049
800,sorted,319600,0,319600,743764
800,reverse,319600,400,319600,751374
800,random,319600,793,319600,795743
1600,sorted,1279200,0,1279200,3017649
1600,reverse,1279200,800,1279200,3066821
1600,random,1279200,1593,1279200,3075143
3200,sorted,5118400,0,5118400,12416440
3200,reverse,5118400,1600,5118400,12292067
3200,random,5118400,3191,5118400,12317367
6400,sorted,20476800,0,20476800,49424456
6400,reverse,20476800,3200,20476800,49452152
6400,random,20476800,6391,20476800,49377445
12800,sorted,81913600,0,81913600,197941244
12800,reverse,81913600,6400,81913600,202217376
12800,random,81913600,12788,81913600,198971782
