n,O(1),O(log2n),O(n),O(nlog2n),O(n^2)
10,1,3,10,30,100
20,1,4,20,80,400
30,1,4,30,120,900
40,1,5,40,200,1600
50,1,5,50,250,2500
60,1,5,60,300,3600
70,1,6,70,420,4900
80,1,6,80,480,6400
90,1,6,90,540,8100
100,1,6,100,600,10000
110,1,6,110,660,12100
120,1,6,120,720,14400
130,1,7,130,910,16900
140,1,7,140,980,19600
150,1,7,150,1050,22500
160,1,7,160,1120,25600
170,1,7,170,1190,28900
180,1,7,180,1260,32400
190,1,7,190,1330,36100
200,1,7,200,1400,40000
210,1,7,210,1470,44100
220,1,7,220,1540,48400
230,1,7,230,1610,52900
240,1,7,240,1680,57600
250,1,7,250,1750,62500
260,1,8,260,2080,67600
270,1,8,270,2160,72900
280,1,8,280,2240,78400
290,1,8,290,2320,84100
300,1,8,300,2400,90000
310,1,8,310,2480,96100
320,1,8,320,2560,102400
330,1,8,330,2640,108900
340,1,8,340,2720,115600
350,1,8,350,2800,122500
360,1,8,360,2880,129600
370,1,8,370,2960,136900
380,1,8,380,3040,144400
390,1,8,390,3120,152100
400,1,8,400,3200,160000
410,1,8,410,3280,168100
420,1,8,420,3360,176400
430,1,8,430,3440,184900
440,1,8,440,3520,193600
450,1,8,450,3600,202500
460,1,8,460,3680,211600
470,1,8,470,3760,220900
480,1,8,480,3840,230400
490,1,8,490,3920,240100
500,1,8,500,4000,250000
510,1,8,510,4080,260100
520,1,9,520,4680,270400
530,1,9,530,4770,280900
540,1,9,540,4860,291600
550,1,9,550,4950,302500
560,1,9,560,5040,313600
570,1,9,570,5130,324900
580,1,9,580,5220,336400
590,1,9,590,5310,348100
600,1,9,600,5400,360000
610,1,9,610,5490,372100
620,1,9,620,5580,384400
630,1,9,630,5670,396900
640,1,9,640,5760,409600
650,1,9,650,5850,422500
660,1,9,660,5940,435600
670,1,9,670,6030,448900
680,1,9,680,6120,462400
690,1,9,690,6210,476100
700,1,9,700,6300,490000
710,1,9,710,6390,504100
720,1,9,720,6480,518400
730,1,9,730,6570,532900
740,1,9,740,6660,547600
750,1,9,750,6750,562500
760,1,9,760,6840,577600
770,1,9,770,6930,592900
780,1,9,780,7020,608400
790,1,9,790,7110,624100
800,1,9,800,7200,640000
810,1,9,810,7290,656100
820,1,9,820,7380,672400
830,1,9,830,7470,688900
840,1,9,840,7560,705600
850,1,9,850,7650,722500
860,1,9,860,7740,739600
870,1,9,870,7830,756900
880,1,9,880,7920,774400
890,1,9,890,8010,792100
900,1,9,900,8100,810000
910,1,9,910,8190,828100
920,1,9,920,8280,846400
930,1,9,930,8370,864900
940,1,9,940,8460,883600
950,1,9,950,8550,902500
960,1,9,960,8640,921600
970,1,9,970,8730,940900
980,1,9,980,8820,960400
990,1,9,990,8910,980100
1000,1,9,1000,9000,1000000
