experiment,n,k,method1_time,method2_time
vary_k,500,2,0.000000,0.000000
vary_k,500,4,0.000000,0.000000
vary_k,500,8,0.000000,0.000000
vary_k,500,16,0.000000,0.000000
vary_k,500,32,0.002000,0.001000
vary_k,500,64,0.007000,0.000000
vary_k,500,128,0.059000,0.007000
vary_k,500,256,0.089000,0.015000
vary_k,500,512,0.467000,0.026000
vary_n,500,16,0.000000,0.000000
vary_n,1000,16,0.001000,0.000000
vary_n,2000,16,0.003000,0.000000
vary_n,4000,16,0.002000,0.000000
vary_n,8000,16,0.010000,0.000000
vary_n,16000,16,0.033000,0.000000
vary_n,32000,16,0.054000,0.000000
vary_n,64000,16,0.056000,0.000000
